Produkt;Case;Box;Pack;Sklep;Waluta;Sezon;Producent;Typ karty;Typ boxa;Team;cena_box_PLN
Adrenalyn XL FIFA World Cup 2026 Booster pack;0,00;11,00;0,00;dutchbreakers;PLN;2026;Panini;adrenalyn;Inne;World Cup;11,00
2022-23 Panini Elite Premier League EPL – Retail;0,00;3,30;0,00;supercollectors;EUR;2022/2023;Panini;Inne;Mega;EPL;14,02
 2023/24 Panini Score Serie A Soccer Retail Pack ;0,00;4,50;0,00;taass;EUR;2023/2024;Panini;Score;Mega;Serie A;19,12
2024-25 Panini Prizm Premier League Retail Paczka;;21,00;;bigcards;PLN;2024/2025;Panini;Prizm;Mega;EPL;21,00
 2025/26 Topps Premier League Soccer EPL Retail Pack ;0,00;5,00;0,00;taass;EUR;2025/2026;Topps;Inne;Mega;EPL;21,25
 2023/24 Panini Score Ligue 1 Soccer Retail Pack ;0,00;5,00;0,00;taass;EUR;2023/2024;Panini;Score;Mega;Ligue 1;21,25
2024-25 Panini Prizm Premier League Trading Card Retail Pack;0,00;5,17;0,00;underpaidcollectibles;EUR;2024/2025;Panini;Prizm;Mega;EPL;21,97
 2024/25 Panini Prizm Premier League Soccer EPL Retail Pack ;0,00;5,90;0,00;taass;EUR;2024/2025;Panini;Prizm;Mega;EPL;25,08
2025-26 Topps Flagship UEFA Club Competitions Soccer Hobby Pack;0,00;6,20;0,00;underpaidcollectibles;EUR;2025/2026;Topps;Club;Hobby;UEFA;26,35
2021/22 Topps Real Sociedad Soccer Official Team Set (Hanger Box);0,00;7,00;0,00;dacardworld;EUR;2021/2022;Topps;Team;Hanger;Sociedad;29,75
 2023/24 Topps Chrome Bundesliga Soccer Hobby Pack ;0,00;7,50;0,00;taass;EUR;2023/2024;Topps;Chrome;Hobby;Bundesliga;31,88
 2023/24 Panini Score Serie A Soccer Fat Pack ;0,00;8,00;0,00;taass;EUR;2023/2024;Panini;Score;Fat Pack;Serie A;34,00
2025 Topps MLS Chrome – Hobby box;;36,00;;bigcards;PLN;2025;Topps;Chrome;Hobby;MLS;36,00
 2022/23 Topps Chrome UEFA Club Competitions Soccer Lite Pack ;0,00;8,50;0,00;taass;EUR;2022/2023;Topps;Club;Inne;UEFA;36,12
2022-23 Panini Select EPL Premier League Tmall Pack;0,00;8,78;0,00;underpaidcollectibles;EUR;2022/2023;Panini;Select;Inne;EPL;37,32
2022/23 Panini Select Premier League EPL Soccer Tmall;;39,00;;bigcards;PLN;2022/2023;Panini;Select;Inne;EPL;39,00
2022-23 Panini Premier League Donruss Elite Fat Pack;;39,00;;bigcards;PLN;2022/2023;Panini;Donruss;Fat Pack;EPL;39,00
Adrenalyn XL FIFA World Cup 2026 Multi Set;0,00;40,00;0,00;dutchbreakers;PLN;2026;Panini;adrenalyn;Inne;World Cup;40,00
2024-25 Panini Donruss FIFA Soccer Value Pack Box;0,00;40,00;0,00;qscards;PLN;2024/2025;Panini;Donruss;Inne;Donruss;40,00
Adrenalyn XL FIFA World Cup 2026 Ecoblister XXL;0,00;44,00;0,00;dutchbreakers;PLN;2026;Panini;adrenalyn;Inne;World Cup;44,00
Adrenalyn XL FIFA World Cup 2026 Premium Gold Blister;0,00;44,00;0,00;dutchbreakers;PLN;2026;Panini;Gold;Inne;World Cup;44,00
Adrenalyn XL FIFA World Cup 2026 Starter Pack;0,00;44,00;0,00;dutchbreakers;PLN;2026;Panini;adrenalyn;Inne;World Cup;44,00
2025-26 Topps Chrome Bundesliga Hobby Box;;45,00;;bigcards;PLN;2025/2026;Topps;Chrome;Hobby;Bundesliga;45,00
Adrenalyn XL FIFA World Cup 2026 Pocket Tin;0,00;48,00;0,00;dutchbreakers;PLN;2026;Panini;adrenalyn;Tin;World Cup;48,00
 2022/23 Panini Donruss Soccer (Fußball) Fat-Pack ;0,00;11,50;0,00;taass;EUR;2022/2023;Panini;Donruss;Inne;Donruss;48,88
2023-24 Panini Donruss Soccer Blaster Pack;;49,00;;bigcards;PLN;2023/2024;Panini;Donruss;Blaster;Donruss;49,00
2025/26 Topps UEFA Club Competitions Soccer Hobby Pack ;0,00;12,50;0,00;taass;EUR;2025/2026;Topps;Club;Hobby;UEFA;53,12
2022-23 Panini Select Serie A TMALL;;55,00;;bigcards;PLN;2022/2023;Panini;Select;Inne;Serie A;55,00
2025 Topps UEFA Japan Edition Hobby Box;;55,00;;bigcards;PLN;2025;Topps;Inne;Hobby;UEFA;55,00
2021/22 Panini Prizm Premier League EPL Soccer Cereal;0,00;13,00;0,00;dacardworld;EUR;2021/2022;Panini;Prizm;Inne;EPL;55,25
2020/21 Panini Mosaic UEFA Euro 2020 Soccer Hobby Pack;0,00;13,43;0,00;underpaidcollectibles;EUR;2020/2021;Panini;Mosaic;Hobby;UEFA;57,08
2021-22 Topps Chrome UEFA Champions League Hobby Box;;59,00;;bigcards;PLN;2021/2022;Topps;Chrome;Hobby;UEFA;59,00
2026 Topps Chrome Premier League EPL Soccer Hobby Pack;0,00;14,46;0,00;underpaidcollectibles;EUR;2026;Topps;Chrome;Hobby;EPL;61,46
 2025/26 Topps Chrome Bundesliga Soccer Hobby Pack ;0,00;14,90;0,00;taass;EUR;2025/2026;Topps;Chrome;Hobby;Bundesliga;63,32
Topps Borussia Dortmund Official 23-24 Fan Set View now;0,00;63,70;0,00;sportscardsdirect;PLN;2023/2024;Topps;Fan;Fan Set;Borussia Dortmund;63,70
Topps Paris Saint-Germain 23/24 Fan Set View now;0,00;63,70;0,00;sportscardsdirect;PLN;2023/2024;Topps;Fan;Fan Set;PSG;63,70
Topps Manchester City 23/24 Fan Set View now;0,00;63,70;0,00;sportscardsdirect;PLN;2023/2024;Topps;Fan;Fan Set;Manchester City;63,70
Topps Arsenal Fan Set 23/24 View now;0,00;63,70;0,00;sportscardsdirect;PLN;2023/2024;Topps;Fan;Fan Set;Arsenal;63,70
Topps Real Sociedad Official Team Set 2021/22 View now;0,00;63,70;0,00;sportscardsdirect;PLN;2021/2022;Topps;Team;Team Set;Sociedad;63,70
Topps Chrome - Premier League 25/26 Hanger Pack;0,00;14,99;0,00;austriantradingcards;EUR;2025/2026;Topps;Chrome;Hanger;EPL;63,71
Topps - UCC Club Competitions 25/26 Hanger Pack;0,00;14,99;0,00;austriantradingcards;EUR;2025/2026;Topps;Club;Hanger;UCC;63,71
2026 Topps Chrome Premier League Hanger Box (SEALED);0,00;14,99;0,00;pushdich;EUR;2026;Topps;Chrome;Hanger;EPL;63,71
2025-26 Topps UCC Flagship Hanger Pack Box (SEALED);0,00;14,99;0,00;pushdich;EUR;2025/2026;Topps;Flagship;Hanger;UCC;63,71
2021/22 Topps Borussia Dortmund BVB Soccer Official Team Set (Hanger Box);500,00;15,00;0,00;dacardworld;EUR;2021/2022;Topps;Team;Hanger;Borussia Dortmund;63,75
2025-26 Topps UCC Flagship – Spring Tin;0,00;15,00;0,00;supercollectors;EUR;2025/2026;Topps;Flagship;Tin;UCC;63,75
2025-26 Topps Chrome Premier League – Hanger;0,00;15,00;0,00;supercollectors;EUR;2025/2026;Topps;Chrome;Hanger;EPL;63,75
2025-26 Topps UCC Flagship – Hanger Box;0,00;15,00;0,00;supercollectors;EUR;2025/2026;Topps;Flagship;Hanger;UCC;63,75
Topps UEFA Club Competitions 2025/26 – Spring Tin;0,00;15,00;0,00;sportcardscenter;EUR;2025/2026;Topps;Club;Tin;UEFA;63,75
Topps Chrome Premier League 2025/26 – Hanger Box;0,00;15,00;0,00;sportcardscenter;EUR;2025/2026;Topps;Chrome;Hanger;EPL;63,75
Topps UCC Flagship 2025/26 – Hanger Box;0,00;15,00;0,00;sportcardscenter;EUR;2025/2026;Topps;Flagship;Hanger;UCC;63,75
2026 Topps Chrome Premier League Hobby;;65,00;;bigcards;PLN;2026;Topps;Chrome;Hobby;EPL;65,00
2026 Topps Chrome Premier League EPL Soccer Hanger Pack;0,00;15,51;0,00;underpaidcollectibles;EUR;2026;Topps;Chrome;Hanger;EPL;65,92
2025-26 Topps Flagship UEFA Club Competitions Soccer Hanger Box;0,00;15,51;0,00;underpaidcollectibles;EUR;2025/2026;Topps;Club;Hanger;UEFA;65,92
2024-25 Topps Chrome Merlin UEFA Club Competitions Soccer Hobby Pack;0,00;15,51;0,00;underpaidcollectibles;EUR;2024/2025;Topps;Club;Hobby;UEFA;65,92
2025-26 Topps UEFA Club Competitions- Hanger Pack;0,00;66,00;0,00;shaks;PLN;2025/2026;Topps;Club;Hanger;UEFA;66,00
2026 Topps Chrome Premier League - Hanger pack box;0,00;66,00;0,00;dutchbreakers;PLN;2026;Topps;Chrome;Hanger;EPL;66,00
2024-25 Topps Soccer Benfica Fan Set;0,00;66,00;0,00;dutchbreakers;PLN;2024/2025;Topps;Fan;Fan Set;Benfica;66,00
Topps Celtic Collector Tin 2025/26;0,00;66,00;0,00;dutchbreakers;PLN;2025/2026;Topps;Fan;Tin;Celtic;66,00
Adrenalyn XL FIFA World Cup 2026 Mega Tin;0,00;66,00;0,00;dutchbreakers;PLN;2026;Panini;adrenalyn;Mega;World Cup;66,00
Adrenalyn XL FIFA World Cup 2026 Update Set;0,00;66,00;0,00;dutchbreakers;PLN;2026;Panini;adrenalyn;Inne;World Cup;66,00
2025-26 Topps Flagship UCC Soccer Spring Tin;0,00;66,00;0,00;qscards;PLN;2025/2026;Topps;Flagship;Tin;UCC;66,00
2025-26 Topps Flagship UCC Soccer Hanger Box;0,00;66,00;0,00;qscards;PLN;2025/2026;Topps;Flagship;Hanger;UCC;66,00
2022/23 Panini Prizm Premier League EPL Soccer 6-Pack Blaster (Pink Mosaic Prizms!);305,00;16,00;0,00;dacardworld;EUR;2022/2023;Panini;Mosaic;Blaster;EPL;68,00
2021/22 Panini Prizm Premier League EPL Soccer Blaster;0,00;16,00;0,00;dacardworld;EUR;2021/2022;Panini;Prizm;Blaster;EPL;68,00
2026 Topps Chrome Premier League Hanger box;;69,00;;bigcards;PLN;2026;Topps;Chrome;Hanger;EPL;69,00
2025-26 Topps UEFA Club Competitions Hanger Box;;69,00;;bigcards;PLN;2025/2026;Topps;Club;Hanger;UEFA;69,00
2024-25 Topps Merlin UCC Hobby Box;;69,00;;bigcards;PLN;2024/2025;Topps;Merlin;Hobby;UCC;69,00
2025–26 Topps Chrome Premier League Hanger Box;0,00;16,99;0,00;yocardo;EUR;2025;Topps;Chrome;Hanger;EPL;72,21
2024/25 Topps UEFA Club Competitions Soccer Hanger;0,00;17,00;0,00;dacardworld;EUR;2024/2025;Topps;Club;Hanger;UEFA;72,25
2024/25 Panini Prizm Premier League EPL Soccer 6-Pack Hobby Blaster;330,00;17,00;0,00;dacardworld;EUR;2024/2025;Panini;Prizm;Blaster;EPL;72,25
2024/25 Topps Benfica Soccer Fan Set;0,00;17,00;0,00;dacardworld;EUR;2024/2025;Topps;Fan;Fan Set;Benfica;72,25
Topps UEFA Club Competitions 2025-26 - Spring Tin;0,00;74,00;0,00;shaks;PLN;2025/2026;Topps;Club;Tin;UEFA;74,00
2025/26 Topps Celtic FC Collector Tin;0,00;74,00;0,00;shaks;PLN;2025/2026;Topps;Fan;Tin;Celtic;74,00
 2023/24 Topps Chrome Liverpool FC Hobby Pack ;0,00;17,50;0,00;taass;EUR;2023/2024;Topps;Chrome;Hobby;Liverpool;74,38
2025/26 Topps UEFA Club Competitions Spring Tin;;75,00;;bigcards;PLN;2025/2026;Topps;Club;Tin;UEFA;75,00
2025–26 Topps UEFA Club Competitions Spring Tin;0,00;17,99;0,00;yocardo;EUR;2025;Topps;Club;Tin;UEFA;76,46
2024/25 Topps Paris Saint-Germain Fan Set;0,00;18,61;0,00;underpaidcollectibles;EUR;2024/2025;Topps;Fan;Fan Set;PSG;79,09
2025/26 Topps Chrome Premier League Soccer EPL Hanger Box ;0,00;18,90;0,00;taass;EUR;2025/2026;Topps;Chrome;Hanger;EPL;80,32
 2022/23 Panini Chronicles Soccer Multi-Pack ;0,00;18,90;0,00;taass;EUR;2022/2023;Panini;Inne;Inne;inne;80,32
2025-26 Topps Soccer Celtic Collector Tin;0,00;83,00;0,00;qscards;PLN;2025/2026;Topps;Fan;Tin;Celtic;83,00
 2023/24 Topps Red Bull Salzburg Official Fan-Set Hanger Box ;0,00;19,90;0,00;taass;EUR;2023/2024;Topps;Fan;Hanger;Salzburg;84,57
Topps - UCC Chrome 24/25 Hanger Pack;0,00;19,99;0,00;austriantradingcards;EUR;2024/2025;Topps;Chrome;Hanger;UCC;84,96
Topps - UEFA Club Competitions Hanger Pack 24/25;0,00;19,99;0,00;austriantradingcards;EUR;2024/2025;Topps;Club;Hanger;UEFA;84,96
Topps - Fan Set Arsenal FC 24/25;0,00;19,99;0,00;austriantradingcards;EUR;2024/2025;Topps;Fan;Fan Set;Arsenal;84,96
Topps - Fan Set Paris Saint-Germain 24/25;0,00;19,99;0,00;austriantradingcards;EUR;2024/2025;Topps;Fan;Fan Set;PSG;84,96
Topps - Fan Set RB Salzburg 24/25;0,00;19,99;0,00;austriantradingcards;EUR;2024/2025;Topps;Fan;Fan Set;Salzburg;84,96
Topps - Fan Set PSG 2023/24;0,00;19,99;0,00;austriantradingcards;EUR;2023/2024;Topps;Fan;Fan Set;PSG;84,96
Topps - Fan Set Arsenal FC 2023/24;0,00;19,99;0,00;austriantradingcards;EUR;2023/2024;Topps;Fan;Fan Set;Arsenal;84,96
Topps - Fan Set Chelsea FC 2023/24;0,00;19,99;0,00;austriantradingcards;EUR;2023/2024;Topps;Fan;Fan Set;Chelsea;84,96
2020-21 Panini Premier League Prizm Soccer Cereal Box;0,00;19,99;0,00;yocardo;EUR;2020/2021;Panini;Prizm;Inne;EPL;84,97
2023-24 Topps Borussia Dortmund Official Fan-Set;0,00;19,99;0,00;yocardo;EUR;2023/2024;Topps;Fan;Fan Set;Borussia Dortmund;84,97
2023-24 Topps FC Bayern München Official Fan-Set;0,00;19,99;0,00;yocardo;EUR;2023/2024;Topps;Fan;Fan Set;Bayern Monachium;84,97
2024-25 Topps FC Red Bull Salzburg Fan Set;0,00;19,99;0,00;yocardo;EUR;2024/2025;Topps;Fan;Fan Set;Salzburg;84,97
2023-24 Topps FC Red Bull Salzburg Official Fan Set;0,00;19,99;0,00;yocardo;EUR;2023/2024;Topps;Fan;Fan Set;Salzburg;84,97
2023-24 Topps RB Leipzig Official Fan Set;0,00;19,99;0,00;yocardo;EUR;2023/2024;Topps;Fan;Fan Set;RB Lipsk;84,97
2023-24 Topps Manchester City Fan Set;0,00;19,99;0,00;yocardo;EUR;2023/2024;Topps;Fan;Fan Set;Manchester City;84,97
2023-24 Topps Chelsea Offical Fan Set;0,00;19,99;0,00;yocardo;EUR;2023/2024;Topps;Fan;Fan Set;Chelsea;84,97
2022-23 Panini Select Fifa Tmall;;85,00;;bigcards;PLN;2022/2023;Panini;Select;Inne;FIFA;85,00
2025/26 Topps Juventus Collector Tin;0,00;87,00;0,00;shaks;PLN;2025/2026;Topps;Fan;Tin;Juventus;87,00
2024-25 Topps Soccer Salzburg Fan Set;0,00;88,00;0,00;qscards;PLN;2024/2025;Topps;Fan;Fan Set;Salzburg;88,00
2026 Topps Chrome Premier League Tin Box (SEALED);0,00;21,99;0,00;pushdich;EUR;2026;Topps;Chrome;Tin;EPL;93,46
2022/23 Panini Prizm Premier League EPL Soccer 6-Pack Blaster (Red Mosaic Prizms!);0,00;22,00;0,00;dacardworld;EUR;2022/2023;Panini;Mosaic;Blaster;EPL;93,50
2025/26 Topps UEFA Club Competitions Soccer Hanger;1 370,00;22,00;0,00;dacardworld;EUR;2025/2026;Topps;Club;Hanger;UEFA;93,50
2023/24 Panini Prizm Premier League EPL Soccer Blaster (Pink Mosaic Prizms!);0,00;22,00;0,00;dacardworld;EUR;2023/2024;Panini;Mosaic;Blaster;EPL;93,50
2024/25 Panini Prizm Premier League EPL Soccer Blaster (Pink Mosaic Prizms!);425,00;22,00;0,00;dacardworld;EUR;2024/2025;Panini;Mosaic;Blaster;EPL;93,50
2023 Topps Chrome MLS Major League Soccer 6-Pack Blaster;0,00;22,00;0,00;dacardworld;EUR;2023;Topps;Chrome;Blaster;MLS;93,50
Topps UEFA Club Competitions Flagship 2025/26 Spring Tin View now;0,00;94,90;0,00;sportscardsdirect;PLN;2025/2026;Topps;Club;Tin;UEFA;94,90
Topps UEFA Club Competitions Flagship 2025/26 Hanger Box View now;0,00;94,90;0,00;sportscardsdirect;PLN;2025/2026;Topps;Club;Hanger;UEFA;94,90
Topps RasenBallsport Leipzig Official 23/24 Fan Set View now;0,00;94,90;0,00;sportscardsdirect;PLN;2023/2024;Topps;Fan;Fan Set;RB Lipsk;94,90
Topps RB Salzburg 2023/24 Fan Set View now;0,00;94,90;0,00;sportscardsdirect;PLN;2023/2024;Topps;Fan;Fan Set;Salzburg;94,90
Topps FC Red Bull Salzburg Team Set 2023 View now;0,00;94,90;0,00;sportscardsdirect;PLN;2023;Topps;Team;Team Set;Salzburg;94,90
Topps Juventus Official Fan Set 23/24 View now;0,00;94,90;0,00;sportscardsdirect;PLN;2023/2024;Topps;Fan;Fan Set;Juventus;94,90
 2021/22 Panini Chronicles Soccer Multi Cello Pack ;0,00;22,90;0,00;taass;EUR;2021/2022;Panini;Inne;Inne;inne;97,32
 2021/22 Panini Mosaic Premier League EPL Soccer Hobby Booster Pack ;0,00;24,90;0,00;taass;EUR;2021/2022;Panini;Mosaic;Hobby;EPL;105,82
2025-26 Topps Collector Tin – Real Madrid;0,00;24,99;0,00;supercollectors;EUR;2025/2026;Topps;Fan;Tin;Real Madrid;106,21
Topps Chrome - Premier League 25/26 Chrome Tin;0,00;24,99;0,00;austriantradingcards;EUR;2025/2026;Topps;Chrome;Tin;EPL;106,21
Topps Collector Tin Liverpool 25/26;0,00;24,99;0,00;austriantradingcards;EUR;2025/2026;Topps;Fan;Tin;Liverpool;106,21
Topps Collector Tin Juventus 25/26;0,00;24,99;0,00;austriantradingcards;EUR;2025/2026;Topps;Fan;Tin;Juventus;106,21
Topps Collector Tin Manchester City 25/26;0,00;24,99;0,00;austriantradingcards;EUR;2025/2026;Topps;Fan;Tin;Manchester City;106,21
Topps Collector Tin Celtic 25/26;0,00;24,99;0,00;austriantradingcards;EUR;2025/2026;Topps;Fan;Tin;Celtic;106,21
Topps Collector Tin Manchester United 25/26;0,00;24,99;0,00;austriantradingcards;EUR;2025/2026;Topps;Fan;Tin;Manchester United;106,21
Topps Collector Tin Real Madrid 2025/26;0,00;24,99;0,00;sportcardscenter;EUR;2025/2026;Topps;Fan;Tin;Real Madrid;106,21
Topps Collector Tin Juventus 2025/26;0,00;24,99;0,00;sportcardscenter;EUR;2025/2026;Topps;Fan;Tin;Juventus;106,21
Topps Celtic Tin Collector 2025/26;0,00;24,99;0,00;sportcardscenter;EUR;2025/2026;Topps;Inne;Tin;Celtic;106,21
2025–26 Topps Chrome Premier League Hanger Tin;0,00;24,99;0,00;yocardo;EUR;2025;Topps;Chrome;Hanger;EPL;106,22
2025-26 Topps Juventus Turin Collector Tin;0,00;24,99;0,00;yocardo;EUR;2025/2026;Topps;Fan;Tin;Juventus;106,22
2025-26 Topps Chrome Premier League – Tin;0,00;25,00;0,00;supercollectors;EUR;2025/2026;Topps;Chrome;Tin;EPL;106,25
Topps - Chrome Premier League - 2026 - Tin;0,00;25,00;0,00;mirabilia;EUR;2026;Topps;Chrome;Tin;EPL;106,25
Topps - Collector Tin Juventus - 25/26;0,00;25,00;0,00;mirabilia;EUR;2025/2026;Topps;Fan;Tin;Juventus;106,25
Topps - Collector Tin Liverpool - 25/26;0,00;25,00;0,00;mirabilia;EUR;2025/2026;Topps;Fan;Tin;Liverpool;106,25
2025-26 Topps Celtic FC Collector Tin;;109,00;;bigcards;PLN;2025/2026;Topps;Fan;Tin;Celtic;109,00
2024/25 Panini Prizm Premier League EPL Soccer Blaster Box;0,00;109,00;0,00;shaks;PLN;2024/2025;Panini;Prizm;Blaster;EPL;109,00
2026 Topps Chrome Premier League EPL Soccer Tin Box;0,00;25,84;0,00;underpaidcollectibles;EUR;2026;Topps;Chrome;Tin;EPL;109,82
2025-26 Topps Juventus Collector Tin;0,00;25,84;0,00;underpaidcollectibles;EUR;2025/2026;Topps;Fan;Tin;Juventus;109,82
2025-26 Topps Manchester City Collectors Tin;0,00;25,84;0,00;underpaidcollectibles;EUR;2025/2026;Topps;Fan;Tin;Manchester City;109,82
2025-26 Topps Celtic FC Collectors Tin;0,00;25,84;0,00;underpaidcollectibles;EUR;2025/2026;Topps;Fan;Tin;Celtic;109,82
2024-25 Panini Prizm English Premier League Soccer Hobby Pack;0,00;25,84;0,00;underpaidcollectibles;EUR;2024/2025;Panini;Prizm;Hobby;EPL;109,82
2025-26 Topps Soccer Juventus Collector Tin;0,00;110,00;0,00;dutchbreakers;PLN;2025/2026;Topps;Fan;Tin;Juventus;110,00
Adrenalyn XL FIFA World Cup 2026 Special Box;0,00;110,00;0,00;dutchbreakers;PLN;2026;Panini;adrenalyn;Inne;World Cup;110,00
2024-25 Topps Flagship UCC Soccer Hanger Box;0,00;110,00;0,00;qscards;PLN;2024/2025;Topps;Flagship;Hanger;UCC;110,00
2025 Panini Prizm FIFA Club World Cup Soccer 6-Pack Blaster;520,00;26,00;0,00;dacardworld;EUR;2025;Panini;Club;Blaster;Club World Cup;110,50
 2020/21 Panini Mosaic UEFA Euro 2020 Soccer Hobby Pack ;0,00;26,50;0,00;taass;EUR;2020/2021;Panini;Mosaic;Hobby;UEFA;112,62
 2024/25 Panini Prizm Premier League Soccer EPL Hobby Box ;0,00;26,90;0,00;taass;EUR;2024/2025;Panini;Prizm;Hobby;EPL;114,32
2025-26 Topps UCC Flagship Value Box (SEALED);0,00;27,99;0,00;pushdich;EUR;2025/2026;Topps;Flagship;Value;UCC;118,96
2021/22 Panini Mosaic Road to FIFA World Cup Soccer 6-Pack Blaster (Orange Fluorescent Parallels!);0,00;28,00;0,00;dacardworld;EUR;2021/2022;Panini;Mosaic;Blaster;World Cup;119,00
2023/24 Panini Prizm Copa America Soccer 6-Pack Blaster;0,00;28,00;0,00;dacardworld;EUR;2023/2024;Panini;Prizm;Blaster;Copa America;119,00
Topps - Flagship UEFA Club Competitions - 2025/26 - UCC Value Box;0,00;28,90;0,00;mirabilia;EUR;2025/2026;Topps;Club;Value;UEFA;122,82
Topps Manchester City FC 2024/25 Fan Set View now;0,00;126,10;0,00;sportscardsdirect;PLN;2024/2025;Topps;Fan;Fan Set;Manchester City;126,10
Topps FC Red Bull Salzburg 2024/25 Fan Set View now;0,00;126,10;0,00;sportscardsdirect;PLN;2024/2025;Topps;Fan;Fan Set;Salzburg;126,10
Topps Paris Saint-Germain 2024/25 Fan Set View now;0,00;126,10;0,00;sportscardsdirect;PLN;2024/2025;Topps;Fan;Fan Set;PSG;126,10
Topps Benfica 2024/25 Fan Set View now;0,00;126,10;0,00;sportscardsdirect;PLN;2024/2025;Topps;Fan;Fan Set;Benfica;126,10
2025-26 Topps UEFA Club Competitions - Value Box;0,00;127,00;0,00;shaks;PLN;2025/2026;Topps;Club;Value;UEFA;127,00
Topps Chrome MLS 2025 Value Box;0,00;127,00;0,00;dutchbreakers;PLN;2025;Topps;Chrome;Value;MLS;127,00
2025-2026 Topps Chrome Premier League Soccer Tin;0,00;127,00;0,00;qscards;PLN;2025/2026;Topps;Chrome;Tin;EPL;127,00
 2024/25 Topps Chelsea Football Club Official Fan-Set Hanger Box ;0,00;29,90;0,00;taass;EUR;2024/2025;Topps;Club;Hanger;Chelsea;127,07
 2021/22 Topps Borussia Dortmund Team-Set BVB Hanger Box ;0,00;29,90;0,00;taass;EUR;2021/2022;Topps;Inne;Hanger;Borussia Dortmund;127,07
Topps Chrome MLS Value Box 2025;0,00;29,99;0,00;austriantradingcards;EUR;2025;Topps;Chrome;Value;MLS;127,46
Topps Collector Tin Real Madrid 25/26;0,00;29,99;0,00;austriantradingcards;EUR;2025/2026;Topps;Fan;Tin;Real Madrid;127,46
Topps Collector Tin Barcelona 25/26;0,00;29,99;0,00;austriantradingcards;EUR;2025/2026;Topps;Fan;Tin;Barcelona;127,46
2025 Topps Chrome MLS Blaster Box (SEALED);0,00;29,99;0,00;pushdich;EUR;2025;Topps;Chrome;Blaster;MLS;127,46
2025 Topps Chrome MLS Value Box;0,00;29,99;0,00;yocardo;EUR;2025;Topps;Chrome;Value;MLS;127,47
Panini FIFA 365 - 2026;0,00;30,00;0,00;sportcardscenter;EUR;2026;Panini;Inne;Inne;FIFA 365;127,50
2026 Topps Chrome Premier League Tin;;129,00;;bigcards;PLN;2026;Topps;Chrome;Tin;EPL;129,00
2025-26 Topps UEFA Club Competitions Value Box;;129,00;;bigcards;PLN;2025/2026;Topps;Club;Value;UEFA;129,00
2025-26 Topps Juventus Collector Tin;;129,00;;bigcards;PLN;2025/2026;Topps;Fan;Tin;Juventus;129,00
2025-26 Topps Soccer Real Madrid Collector Tin;0,00;131,00;0,00;dutchbreakers;PLN;2025/2026;Topps;Fan;Tin;Real Madrid;131,00
2025-26 Topps Flagship UEFA Club Competitions Soccer Value Blaster Box;0,00;31,01;0,00;underpaidcollectibles;EUR;2025/2026;Topps;Club;Blaster;UEFA;131,79
2025-26 Topps Real Madrid FC Collector Tin;0,00;31,01;0,00;underpaidcollectibles;EUR;2025/2026;Topps;Fan;Tin;Real Madrid;131,79
Topps MLS Chrome 2023 Value Box View now;0,00;132,60;0,00;sportscardsdirect;PLN;2023;Topps;Chrome;Value;MLS;132,60
2024-25 Topps Chrome Bundesliga Soccer Value Box;0,00;31,99;0,00;yocardo;EUR;2024/2025;Topps;Chrome;Value;Bundesliga;135,97
2024-25 Panini Prizm EPL Blaster Box;0,00;32,50;0,00;supercollectors;EUR;2024/2025;Panini;Prizm;Blaster;EPL;138,12
Topps UK - Borussia Dortmund Team Set 21/22 View now;0,00;145,60;0,00;sportscardsdirect;PLN;2021/2022;Topps;Team;Team Set;Borussia Dortmund;145,60
Topps - Chrome Premier League - 2026 - Value Box;0,00;34,90;0,00;mirabilia;EUR;2026;Topps;Chrome;Value;EPL;148,32
Topps - Merlin UEFA - 2024/25 - UCC Value Box;0,00;34,90;0,00;mirabilia;EUR;2024/2025;Topps;Merlin;Value;UEFA;148,32
Topps Chrome - Bundesliga Value Box 25/26;0,00;34,99;0,00;austriantradingcards;EUR;2025/2026;Topps;Chrome;Value;Bundesliga;148,71
Topps Merlin UCC - Value Box 24/25;0,00;34,99;0,00;austriantradingcards;EUR;2024/2025;Topps;Merlin;Value;UCC;148,71
2024-25 Panini Prizm Premiere League Soccer Blaster Box;0,00;34,99;0,00;yocardo;EUR;2024/2025;Panini;Prizm;Blaster;EPL;148,72
2024-25 Panini Select Premier League Blaster Box;0,00;34,99;0,00;yocardo;EUR;2024/2025;Panini;Select;Blaster;EPL;148,72
2024-25 Topps UCC Merlin – Value Box;0,00;35,00;0,00;supercollectors;EUR;2024/2025;Topps;Merlin;Value;UCC;148,75
Topps Chrome Bundesliga 2025/26 – Value Box;0,00;35,00;0,00;sportcardscenter;EUR;2025/2026;Topps;Chrome;Value;Bundesliga;148,75
2024-25 Topps Merlin UCC Value Box;0,00;35,00;0,00;sportcardscenter;EUR;2024/2025;Topps;Merlin;Value;UCC;148,75
2025 Topps MLS Chrome – Value Box;;149,00;;bigcards;PLN;2025;Topps;Chrome;Value;MLS;149,00
2024/25 Topps Chrome Merlin Soccer Blaster Box;0,00;149,00;0,00;shaks;PLN;2024/2025;Topps;Merlin;Blaster;inne;149,00
 2021/22 Panini Prizm Premier League EPL Soccer BLASTER Box ;0,00;35,90;0,00;taass;EUR;2021/2022;Panini;Prizm;Blaster;EPL;152,57
2026 Topps Chrome Premier League - Value Box;0,00;153,00;0,00;dutchbreakers;PLN;2026;Topps;Chrome;Value;EPL;153,00
2026 Topps Chrome Premier League Soccer Value Box;0,00;153,00;0,00;qscards;PLN;2026;Topps;Chrome;Value;EPL;153,00
2025-26 Topps Soccer Real Madrid Collector Tin;0,00;153,00;0,00;qscards;PLN;2025/2026;Topps;Fan;Tin;Real Madrid;153,00
2025 Topps Chrome MLS Soccer Value Blaster Box;0,00;36,17;0,00;underpaidcollectibles;EUR;2025;Topps;Chrome;Blaster;MLS;153,72
2026 Topps Chrome Premier League EPL Soccer Value Blaster Box;0,00;36,17;0,00;underpaidcollectibles;EUR;2026;Topps;Chrome;Blaster;EPL;153,72
2024/25 Panini La Liga Megacracks Soccer Box;0,00;37,00;2,00;dacardworld;EUR;2024/2025;Panini;Megacracks;Mega;LaLiga;157,25
Topps Chrome MLS 2025 Value Box View now;0,00;157,30;0,00;sportscardsdirect;PLN;2025;Topps;Chrome;Value;MLS;157,30
Topps Chrome Premier League 2026 Chrome Tin View now;0,00;157,30;0,00;sportscardsdirect;PLN;2026;Topps;Chrome;Tin;EPL;157,30
Topps UEFA Club Competitions Flagship 2025-26 Value Box View now;0,00;157,30;0,00;sportscardsdirect;PLN;2025/2026;Topps;Club;Value;UEFA;157,30
Topps 2025/26 Juventus Collector Tin View now;0,00;157,30;0,00;sportscardsdirect;PLN;2025/2026;Topps;Fan;Tin;Juventus;157,30
Topps Manchester City 2025/26 Collectors Tin View now;0,00;157,30;0,00;sportscardsdirect;PLN;2025/2026;Topps;Fan;Tin;Manchester City;157,30
Topps 100% RB Leipzig 23/24 View now;0,00;157,30;0,00;sportscardsdirect;PLN;2023/2024;Topps;Inne;Inne;RB Lipsk;157,30
2025-26 Topps Chrome Bundesliga Value Box;;159,00;;bigcards;PLN;2025/2026;Topps;Chrome;Value;Bundesliga;159,00
2026 Topps Chrome Premier League Value Box;;159,00;;bigcards;PLN;2026;Topps;Chrome;Value;EPL;159,00
2025 Panini Prizm FIFA Club World Cup Soccer Blaster Box;;159,00;;bigcards;PLN;2025;Panini;Club;Blaster;Club World Cup;159,00
2024-25 Topps Bundesliga Chrome Value Box;;159,00;;bigcards;PLN;2024/2025;Topps;Chrome;Value;Bundesliga;159,00
2025 Panini Prizm FIFA Club World Cup Soccer Blaster Box;0,00;37,99;0,00;yocardo;EUR;2025;Panini;Club;Blaster;Club World Cup;161,47
2023-24 PANINI Prizm Premier League Soccer Cards Blaster Box;0,00;37,99;0,00;yocardo;EUR;2023/2024;Panini;Prizm;Blaster;EPL;161,47
2026 Topps Chrome Premier League EPL Soccer 7-Pack Blaster;1 475,00;38,00;0,00;dacardworld;EUR;2026;Topps;Chrome;Blaster;EPL;161,50
2023/24 Topps 100% RB Leipzig Soccer Hobby;0,00;39,00;0,00;dacardworld;EUR;2023/2024;Topps;Inne;Hobby;RB Lipsk;165,75
2024/25 Panini Prizm Premier League Soccer EPL Blaster Box;0,00;39,27;0,00;underpaidcollectibles;EUR;2024/2025;Panini;Prizm;Blaster;EPL;166,90
2024-25 Topps Merlin UCC – Value Box;;169,00;;bigcards;PLN;2024/2025;Topps;Merlin;Value;UCC;169,00
 2024/25 Panini Prizm Premier League Soccer EPL Blaster Box ;0,00;39,90;0,00;taass;EUR;2024/2025;Panini;Prizm;Blaster;EPL;169,58
 2023/24 Panini Prizm Copa America Soccer Hobby Pack ;0,00;39,90;0,00;taass;EUR;2023/2024;Panini;Prizm;Hobby;Copa America;169,58
 2022/23 Panini Prizm Premier League Soccer EPL Blaster Box ;0,00;39,90;0,00;taass;EUR;2022/2023;Panini;Prizm;Blaster;EPL;169,58
Topps 2022 Bowman Chrome Road to UEFA U-21 EURO Lite;0,00;39,99;0,00;austriantradingcards;EUR;2022;Topps;Chrome;Inne;UEFA;169,96
2025-26 Topps Bundesliga Chrome Blaster Box;0,00;39,99;0,00;yocardo;EUR;2025/2026;Topps;Chrome;Blaster;Bundesliga;169,97
2025–26 Topps Chrome Premier League Blaster Box;0,00;39,99;0,00;yocardo;EUR;2025;Topps;Chrome;Blaster;EPL;169,97
Panini Prizm World Cup Club 2025 Blaster Box;0,00;40,00;0,00;sportcardscenter;EUR;2025;Panini;Club;Blaster;inne;170,00
2025-26 Topps Chrome Bundesliga Soccer Value Box;0,00;171,00;0,00;qscards;PLN;2025/2026;Topps;Chrome;Value;Bundesliga;171,00
2025 Panini Prizm FIFA Club World Cup Soccer Blaster Box;0,00;171,00;0,00;qscards;PLN;2025;Panini;Club;Blaster;Club World Cup;171,00
2025-26 Topps Chrome Bundesliga Value Blaster Box;0,00;41,34;0,00;underpaidcollectibles;EUR;2025/2026;Topps;Chrome;Blaster;Bundesliga;175,70
2024-25 Topps Chrome Bundesliga Value Blaster Box;0,00;41,34;0,00;underpaidcollectibles;EUR;2024/2025;Topps;Chrome;Blaster;Bundesliga;175,70
2024-25 Panini Prizm Premier League hobby blaster box;;179,00;;bigcards;PLN;2024/2025;Panini;Prizm;Blaster;EPL;179,00
2022-23 Panini Donruss Soccer Blaster;;179,00;;bigcards;PLN;2022/2023;Panini;Donruss;Blaster;Donruss;179,00
2024-25 Panini Select Premier League Blaster Box;;179,00;;bigcards;PLN;2024/2025;Panini;Select;Blaster;EPL;179,00
2025 Prizm FIFA Club World Cup Soccer – Blaster Box;0,00;42,35;0,00;supercollectors;EUR;2025;Panini;Club;Blaster;Club World Cup;179,99
2024/25 Panini Select La Liga Soccer 6-Pack Blaster;0,00;44,00;0,00;dacardworld;EUR;2024/2025;Panini;Select;Blaster;LaLiga;187,00
2024/25 Panini Club Real Madrid Soccer Hanger;0,00;44,00;0,00;dacardworld;EUR;2024/2025;Panini;Club;Hanger;Real Madrid;187,00
Topps Chrome Bundesliga 2025/26 Value Box View now;0,00;188,50;0,00;sportscardsdirect;PLN;2025/2026;Topps;Chrome;Value;Bundesliga;188,50
2024-25 Panini Select La Liga Blaster Box;;189,00;;bigcards;PLN;2024/2025;Panini;Select;Blaster;LaLiga;189,00
 2025 Topps Chrome MLS Soccer Blaster Box ;0,00;44,90;0,00;taass;EUR;2025;Topps;Chrome;Blaster;MLS;190,82
 2024/25 Panini Select Premier League Soccer Blaster Box ;0,00;44,90;0,00;taass;EUR;2024/2025;Panini;Select;Blaster;EPL;190,82
 2024 Topps Chrome MLS Soccer Blaster Box ;0,00;44,90;0,00;taass;EUR;2024;Topps;Chrome;Blaster;MLS;190,82
2024-25 Panini Soccer Prizm EPL Blaster Box;0,00;197,00;0,00;qscards;PLN;2024/2025;Panini;Prizm;Blaster;EPL;197,00
2024-25 Panini Select FIFA Hobby Blaster Box;;199,00;;bigcards;PLN;2024/2025;Panini;Select;Blaster;FIFA;199,00
2025/26 Topps UEFA Club Competitions Soccer (Fußball) Blaster Box ;0,00;49,00;0,00;taass;EUR;2025/2026;Topps;Club;Blaster;UEFA;208,25
2021/22 Panini Prizm Premier League EPL Soccer Mega;0,00;49,00;0,00;dacardworld;EUR;2021/2022;Panini;Prizm;Mega;EPL;208,25
2025 Panini Prizm FIFA Club World Cup Soccer Mega;0,00;49,00;0,00;dacardworld;EUR;2025;Panini;Club;Mega;Club World Cup;208,25
2024/25 Panini Donruss Soccer 6-Pack Blaster (Blue Cubic Parallels!);0,00;49,00;0,00;dacardworld;EUR;2024/2025;Panini;Donruss;Blaster;Donruss;208,25
2024/25 Panini Prizm Premier League EPL Soccer Retail;965,00;49,00;2,50;dacardworld;EUR;2024/2025;Panini;Prizm;Mega;EPL;208,25
2023/24 Topps Bundesliga Jade Edition Soccer Hobby;570,77;49,77;0,00;dacardworld;EUR;2023/2024;Topps;Inne;Hobby;Bundesliga;211,52
2024/25 Topps Chrome Bundesliga Soccer Blaster Box ;0,00;49,90;0,00;taass;EUR;2024/2025;Topps;Chrome;Blaster;Bundesliga;212,08
 2023/24 Panini Prizm Copa America Soccer Blaster Box ;0,00;49,90;0,00;taass;EUR;2023/2024;Panini;Prizm;Blaster;Copa America;212,08
 2023/24 Panini Prizm Premier League Soccer EPL Blaster Box ;0,00;49,90;0,00;taass;EUR;2023/2024;Panini;Prizm;Blaster;EPL;212,08
 2022/23 Panini Donruss Soccer (Fußball) Blaster Box ;0,00;49,90;0,00;taass;EUR;2022/2023;Panini;Donruss;Blaster;Donruss;212,08
 2021/22 Panini Mosaic Road to FIFA World Cup Soccer Blaster Box ;0,00;49,90;0,00;taass;EUR;2021/2022;Panini;Mosaic;Blaster;World Cup;212,08
 2021/22 Panini Mosaic La Liga Espańa Soccer Blaster Box ;0,00;49,90;0,00;taass;EUR;2021/2022;Panini;Mosaic;Blaster;LaLiga;212,08
2024-25 Topps Manchester City FC Team Set Box;0,00;49,99;0,00;yocardo;EUR;2024/2025;Topps;Team;Team Set;Manchester City;212,48
2024-25 Panini Club Real Madrid;0,00;50,00;0,00;supercollectors;EUR;2024/2025;Panini;Club;Inne;Real Madrid;212,50
Panini Adrenalyn XL LaLiga 2025/26 – Trading Cards;0,00;50,00;0,00;sportcardscenter;EUR;2025/2026;Panini;adrenalyn;Inne;LaLiga;212,50
Panini Liga Este 2025/26 - Caja de 50 sobres;0,00;50,00;0,00;sportcardscenter;EUR;2025/2026;Panini;Inne;Inne;inne;212,50
2025 Panini Prizm FIFA Club World Cup Soccer Hobby Mega;0,00;51,00;0,00;dacardworld;EUR;2025;Panini;Club;Hobby;Club World Cup;216,75
Adrenalyn XL FIFA World Cup 2026 Premium Booster box;0,00;219,00;0,00;dutchbreakers;PLN;2026;Panini;adrenalyn;Inne;World Cup;219,00
2024-25 Topps Bundesliga Summer Signings Hobby Box;0,00;53,00;0,00;yocardo;EUR;2024/2025;Topps;summer sig;Hobby;Bundesliga;225,23
2023-24 Topps Bundesliga International Stars Hobby Box;0,00;54,00;0,00;yocardo;EUR;2023/2024;Topps;Inne;Hobby;Bundesliga;229,48
 2021/22 Panini Donruss Soccer Road to Qatar BLASTER Box ;0,00;54,90;0,00;taass;EUR;2021/2022;Panini;Donruss;Blaster;Donruss;233,32
2021-22 Topps Chrome Bundesliga Soccer Hobby Box;0,00;55,00;0,00;yocardo;EUR;2021/2022;Topps;Chrome;Hobby;Bundesliga;233,73
2022/23 Panini Select Premier League EPL Soccer Mega Box (Pink Ice and Orange Ice Parallels!);0,00;55,00;0,00;dacardworld;EUR;2022/2023;Panini;Select;Mega;EPL;233,75
2025/26 Panini La Liga Megacracks Soccer Box;640,00;55,00;1,50;dacardworld;EUR;2025/2026;Panini;Megacracks;Mega;LaLiga;233,75
2025/26 Panini LaLiga Adrenalyn XL Soccer 50-Pack Retail Box;0,00;55,00;1,50;dacardworld;EUR;2025/2026;Panini;adrenalyn;Mega;LaLiga;233,75
2024-25 Panini Select Premier League – Hobby Mega Box;0,00;55,00;0,00;supercollectors;EUR;2024/2025;Panini;Select;Hobby;EPL;233,75
2025-26 Topps Bayern Munich Team Set;;249,00;;bigcards;PLN;2025/2026;Topps;Team;Team Set;Bayern Monachium;249,00
2025-26 Topps Manchester City Team Set;;249,00;;bigcards;PLN;2025/2026;Topps;Team;Team Set;Manchester City;249,00
2025 Panini Prizm FIFA Club World Cup Soccer Mega Box;;249,00;;bigcards;PLN;2025;Panini;Club;Mega;Club World Cup;249,00
Topps Manchester City FC Official Team Set 23/24 View now;0,00;252,20;0,00;sportscardsdirect;PLN;2023/2024;Topps;Team;Team Set;Manchester City;252,20
2025/26 Topps Chrome Premier League Soccer EPL Blaster Box ;0,00;59,90;0,00;taass;EUR;2025/2026;Topps;Chrome;Blaster;EPL;254,58
2024/25 Topps Chrome Merlin UEFA Club Competitions Soccer Blaster Box ;0,00;59,90;0,00;taass;EUR;2024/2025;Topps;Club;Blaster;UEFA;254,58
 2023/24 Panini Select Premier League Soccer Blaster Box ;0,00;59,90;0,00;taass;EUR;2023/2024;Panini;Select;Blaster;EPL;254,58
 2023/24 Topps Chrome Bundesliga Soccer (Fussball) Blaster Box ;0,00;59,90;0,00;taass;EUR;2023/2024;Topps;Chrome;Blaster;Bundesliga;254,58
2025-26 Topps Manchester City – Team Set;0,00;59,95;0,00;supercollectors;EUR;2025/2026;Topps;Team;Team Set;Manchester City;254,79
2024-25 Topps Paris Saint Germain Team Set Box;0,00;60,00;0,00;yocardo;EUR;2024/2025;Topps;Team;Team Set;PSG;254,98
2025 Panini Prizm FIFA Club World Cup Soccer Mega Box;0,00;60,00;0,00;yocardo;EUR;2025;Panini;Club;Mega;Club World Cup;254,98
2023/24 Panini Prizm Copa America Soccer Mega;0,00;60,00;0,00;dacardworld;EUR;2023/2024;Panini;Prizm;Mega;Copa America;255,00
2024/25 Panini Club FC Barcelona Soccer Hanger;0,00;60,00;0,00;dacardworld;EUR;2024/2025;Panini;Club;Hanger;Barcelona;255,00
2025/26 Topps Premier League EPL Debut Edition Golden Boot Tin;0,00;60,00;0,00;dacardworld;EUR;2025/2026;Topps;Gold;Tin;EPL;255,00
Topps Team Set Real Madrid 2025/26;0,00;60,99;0,00;sportcardscenter;EUR;2025/2026;Topps;Team;Team Set;Real Madrid;259,21
2022-23 Panini Donruss Elite Soccer Premier League Retail Box;0,00;62,02;0,00;underpaidcollectibles;EUR;2022/2023;Panini;Donruss;Mega;EPL;263,59
2025 Panini Prizm FIFA Club World Cup Soccer Mega Box;0,00;62,02;0,00;underpaidcollectibles;EUR;2025;Panini;Club;Mega;Club World Cup;263,59
2024-25 Panini Select Premier League Mega Box;;269,00;;bigcards;PLN;2024/2025;Panini;Select;Mega;EPL;269,00
2025-26 Topps Juventus Team Set;;269,00;;bigcards;PLN;2025/2026;Topps;Team;Team Set;Juventus;269,00
Topps Merlin 2024-25 UEFA Club Competitions Soccer Blaster Box View now;0,00;270,40;0,00;sportscardsdirect;PLN;2024/2025;Topps;Club;Blaster;UEFA;270,40
 2024/25 Panini Select La Liga Soccer Blaster Box ;0,00;64,90;0,00;taass;EUR;2024/2025;Panini;Select;Blaster;LaLiga;275,83
 2024/25 Panini Club Real Madrid FC Official Hanger Box ;0,00;64,90;0,00;taass;EUR;2024/2025;Panini;Club;Hanger;Real Madrid;275,83
 2024/25 Topps UEFA Club Competitions Soccer (Fußball) BLASTER Box ;0,00;64,90;0,00;taass;EUR;2024/2025;Topps;Club;Blaster;UEFA;275,83
 2022/23 Topps UEFA Club Competitions Soccer Flagship Blaster Box ;0,00;64,90;0,00;taass;EUR;2022/2023;Topps;Club;Blaster;UEFA;275,83
2025-26 Topps Manchester United Team Set;;279,00;;bigcards;PLN;2025/2026;Topps;Team;Team Set;Manchester United;279,00
2023/24 Topps UEFA Club Competitions Soccer 7-Pack Blaster;0,00;66,00;0,00;dacardworld;EUR;2023/2024;Topps;Club;Blaster;UEFA;280,50
2023/24 Panini Donruss Soccer 6-Pack Blaster;0,00;66,00;0,00;dacardworld;EUR;2023/2024;Panini;Donruss;Blaster;Donruss;280,50
Topps Atlético de Madrid Official Team Set 23/24 View now;0,00;283,40;0,00;sportscardsdirect;PLN;2023/2024;Topps;Team;Team Set;Atletico Madrid;283,40
Topps Paris Saint-Germain Team Set 24/25;0,00;284,00;0,00;dutchbreakers;PLN;2024/2025;Topps;Team;Team Set;PSG;284,00
2025-26 Topps Real Madrid Team Set Box;0,00;67,18;0,00;underpaidcollectibles;EUR;2025/2026;Topps;Team;Team Set;Real Madrid;285,52
2025-26 Topps Los Blancos Real Madrid;;289,00;;bigcards;PLN;2025/2026;Topps;Inne;Inne;Real Madrid;289,00
2025-26 Topps Team Set Paris Saint-Germain;;289,00;;bigcards;PLN;2025/2026;Topps;Team;Team Set;PSG;289,00
 2024/25 Panini Donruss Soccer Blaster Box ;0,00;69,90;0,00;taass;EUR;2024/2025;Panini;Donruss;Blaster;Donruss;297,08
 2023/24 Panini Score Serie A Soccer Retail Box ;0,00;69,90;0,00;taass;EUR;2023/2024;Panini;Score;Mega;Serie A;297,08
 2023/24 Panini Score Ligue 1 Soccer Retail Box ;0,00;69,90;0,00;taass;EUR;2023/2024;Panini;Score;Mega;Ligue 1;297,08
 2021/22 Panini Chronicles Soccer Asia Box ;0,00;69,90;0,00;taass;EUR;2021/2022;Panini;Inne;Inne;inne;297,08
Topps 2022 Bowman Chrome Road to UEFA U-21 EURO Hobby;0,00;69,99;0,00;austriantradingcards;EUR;2022;Topps;Chrome;Hobby;UEFA;297,46
2016 Panini Donruss Soccer Blaster Box (SEALED);0,00;69,99;0,00;pushdich;EUR;2016;Panini;Donruss;Blaster;Donruss;297,46
2022 Topps Bowman Chrome: Road to UEFA U21 Euros Hobby Box;0,00;70,00;0,00;yocardo;EUR;2022;Topps;Chrome;Hobby;UEFA;297,49
2020-21 Topps On Demand Bundesliga Stars of the Season Box;0,00;70,00;0,00;yocardo;EUR;2020/2021;Topps;Inne;Inne;Bundesliga;297,49
Panini Prizm World Cup Club Mega Box 2025;0,00;70,00;0,00;sportcardscenter;EUR;2025;Panini;Club;Mega;inne;297,50
2023-24 Panini Select EPL Mega Box;;299,00;;bigcards;PLN;2023/2024;Panini;Select;Mega;EPL;299,00
2024-25 Topps Soccer Bundesliga Summer Signings;0,00;301,00;0,00;qscards;PLN;2024/2025;Topps;summer sig;Inne;Bundesliga;301,00
2025-26 Topps Chelsea Team Set;;309,00;;bigcards;PLN;2025/2026;Topps;Team;Team Set;Chelsea;309,00
2023/24 Panini Select La Liga Soccer 6-Pack Blaster;0,00;73,00;0,00;dacardworld;EUR;2023/2024;Panini;Select;Blaster;LaLiga;310,25
Topps Manchester City Official 2024/25 Team Set View now;0,00;314,60;0,00;sportscardsdirect;PLN;2024/2025;Topps;Team;Team Set;Manchester City;314,60
Topps Paris Saint-Germain 2024/25 Team Set View now;0,00;314,60;0,00;sportscardsdirect;PLN;2024/2025;Topps;Team;Team Set;PSG;314,60
2024-25 Panini Select Premier League Hobby Mega Box;;319,00;;bigcards;PLN;2024/2025;Panini;Select;Hobby;EPL;319,00
2022/23 Topps Finest Flashbacks UEFA Club Competitions Soccer Hobby;0,00;77,00;0,00;dacardworld;EUR;2022/2023;Topps;Finest;Hobby;UEFA;327,25
2023/24 Topps Chrome Merlin UEFA Club Competitions Soccer 7-Pack Blaster;0,00;77,00;0,00;dacardworld;EUR;2023/2024;Topps;Club;Blaster;UEFA;327,25
2022/23 Panini Donruss Soccer Jumbo Value 12-Pack Box;0,00;77,00;7,50;dacardworld;EUR;2022/2023;Panini;Donruss;Mega;Donruss;327,25
 2023/24 Panini Select Premier League Soccer Mega Box ;0,00;79,00;0,00;taass;EUR;2023/2024;Panini;Select;Mega;EPL;335,75
 2021/22 Panini Prizm Premier League EPL Soccer Retail Box ;0,00;79,00;0,00;taass;EUR;2021/2022;Panini;Prizm;Mega;EPL;335,75
2024/25 Topps Chrome UEFA Club Competitions Soccer Blaster Box ;0,00;79,90;0,00;taass;EUR;2024/2025;Topps;Club;Blaster;UEFA;339,58
2023-24 Topps Bundesliga JADE Hobby Box;0,00;80,00;0,00;yocardo;EUR;2023/2024;Topps;Inne;Hobby;Bundesliga;339,99
2022-23 Panini Donruss Elite Soccer EPL Retail Hobby Box;0,00;80,00;0,00;yocardo;EUR;2022/2023;Panini;Donruss;Hobby;EPL;339,99
Topps Borussia Dortmund BVB 2024/25 Team Set Box View now;0,00;345,80;0,00;sportscardsdirect;PLN;2024/2025;Topps;Team;Team Set;Borussia Dortmund;345,80
2025-26 Topps Real Madrid Team Set;;349,00;;bigcards;PLN;2025/2026;Topps;Team;Team Set;Real Madrid;349,00
2025-26 Topps Arsenal Team Set;;359,00;;bigcards;PLN;2025/2026;Topps;Team;Team Set;Arsenal;359,00
2022-23 Panini Donruss Elite Premier League Fat Pack Box;0,00;85,00;0,00;yocardo;EUR;2022/2023;Panini;Donruss;Fat Pack;EPL;361,24
2022-23 Panini Score Serie A Soccer Retail Box;0,00;85,00;0,00;yocardo;EUR;2022/2023;Panini;Score;Mega;Serie A;361,24
 2023/24 Panini Score Serie A Soccer Fat Pack Box ;0,00;85,00;0,00;taass;EUR;2023/2024;Panini;Score;Fat Pack;Serie A;361,25
2024/25 Topps Bundesliga International Stars Hobby Box;0,00;85,00;0,00;dacardworld;EUR;2024/2025;Topps;Inne;Hobby;Bundesliga;361,25
2025-26 Topps Barcelona Team set;;369,00;;bigcards;PLN;2025/2026;Topps;Team;Team Set;Barcelona;369,00
2025-26 Topps Soccer Real Madrid Team Set Box;0,00;371,00;0,00;qscards;PLN;2025/2026;Topps;Team;Team Set;Real Madrid;371,00
Donruss Elite Premier League 2022/23 Retail Box View now;0,00;377,00;0,00;sportscardsdirect;PLN;2022/2023;Panini;Donruss;Mega;EPL;377,00
2023-24 Topps Borussia Dortmund Vernissage Hobby Box;0,00;89,00;0,00;yocardo;EUR;2023/2024;Topps;Inne;Hobby;Borussia Dortmund;378,24
 2023/24 Topps UEFA Club Competitions Soccer (Fussball) Flagship Blaster Box ;0,00;89,00;0,00;taass;EUR;2023/2024;Topps;Club;Blaster;UEFA;378,25
 2022/23 Topps Chrome Bundesliga Soccer Hobby Box ;0,00;89,00;0,00;taass;EUR;2022/2023;Topps;Chrome;Hobby;Bundesliga;378,25
2022-2023 Topps UEFA Club Competitions Chrome - Lite Box;0,00;90,00;0,00;yocardo;EUR;2022/2023;Topps;Club;Inne;UEFA;382,50
2024-25 Topps Bundesliga International Stars Hobby Box;0,00;90,00;0,00;yocardo;EUR;2024/2025;Topps;Inne;Hobby;Bundesliga;382,50
2024-2025 Panini Donruss Soccer Fat Pack Box;0,00;90,00;0,00;yocardo;EUR;2024/2025;Panini;Donruss;Fat Pack;Donruss;382,50
2025/26 Topps Manchester City Soccer Team Set;0,00;91,00;0,00;dacardworld;EUR;2025/2026;Topps;Team;Team Set;Manchester City;386,75
2018 Panini Prizm World Cup Soccer Fat Pack;;389,00;;bigcards;PLN;2018;Panini;Prizm;Fat Pack;World Cup;389,00
2018-19 Panini Donruss Soccer Blaster Box;0,00;389,00;0,00;dutchbreakers;PLN;2018/2019;Panini;Donruss;Blaster;Donruss;389,00
2025-26 Topps Soccer Focus Borussia Dortmund Box;0,00;389,00;0,00;qscards;PLN;2025/2026;Topps;Focus;Inne;Borussia Dortmund;389,00
2022-23 Topps Soccer Chrome UEFA Club Competitions UCC Lite Box;0,00;393,00;0,00;dutchbreakers;PLN;2022/2023;Topps;Club;Inne;UEFA;393,00
2025/26 Topps Focus – Borussia Dortmund;0,00;93,02;0,00;underpaidcollectibles;EUR;2025/2026;Topps;Focus;Inne;Borussia Dortmund;395,34
2024-25 Panini Prizm English Premier League Retail Soccer Box;0,00;95,00;0,00;yocardo;EUR;2024/2025;Panini;Prizm;Mega;EPL;403,75
Panini Premier League Score 23-24 Fat Packs Box View now;0,00;409,50;0,00;sportscardsdirect;PLN;2023/2024;Panini;Score;Fat Pack;EPL;409,50
Panini Premier League 2023/24 Score Box View now;0,00;409,50;0,00;sportscardsdirect;PLN;2023/2024;Panini;Score;Inne;EPL;409,50
Panini Premier League 2021-22 Donruss Elite Retail Box View now;0,00;409,50;0,00;sportscardsdirect;PLN;2021/2022;Panini;Donruss;Mega;EPL;409,50
2025-26 Topps Soccer Arsenal Team Set Box;0,00;415,00;0,00;qscards;PLN;2025/2026;Topps;Team;Team Set;Arsenal;415,00
2025-26 Topps Soccer Manchester United Team Set;0,00;415,00;0,00;qscards;PLN;2025/2026;Topps;Team;Team Set;Manchester United;415,00
 2023/24 Topps Jade Bundesliga Soccer Hobby Box ;0,00;99,00;0,00;taass;EUR;2023/2024;Topps;Inne;Hobby;Bundesliga;420,75
 2023/24 Topps Borussia Dortmund BVB 09 China Edition Hobby Box ;0,00;99,00;0,00;taass;EUR;2023/2024;Topps;Inne;Hobby;Borussia Dortmund;420,75
 2022/23 Panini Donruss Elite Premier League Soccer Fat-Pack Box ;0,00;99,00;0,00;taass;EUR;2022/2023;Panini;Donruss;Inne;EPL;420,75
 2022/23 Panini Select Premier League Soccer Mega Box ;0,00;99,00;0,00;taass;EUR;2022/2023;Panini;Select;Mega;EPL;420,75
 2022 Panini Prizm FIFA World Cup Soccer Blaster Box ;0,00;99,00;0,00;taass;EUR;2022;Panini;Prizm;Blaster;World Cup;420,75
Topps - Bundesliga International Stars 25/26;0,00;99,99;0,00;austriantradingcards;EUR;2025/2026;Topps;Inne;Inne;Bundesliga;424,96
2025-26 Topps Focus Borussia Dortmund Hobby Box;0,00;100,00;0,00;yocardo;EUR;2025/2026;Topps;Focus;Hobby;Borussia Dortmund;425,00
2021-22 Topps Chrome Sapphire Edition Bundesliga Hobby Box;0,00;100,00;0,00;yocardo;EUR;2021/2022;Topps;Sapphire;Hobby;Bundesliga;425,00
2024-25 Topps Manchester City Blue Moon Hobby Box;0,00;100,00;0,00;yocardo;EUR;2024/2025;Topps;Inne;Hobby;Manchester City;425,00
2022-23 Panini Select EPL Premier League Tmall Box;0,00;103,36;0,00;underpaidcollectibles;EUR;2022/2023;Panini;Select;Inne;EPL;439,28
 (Live Break) 2025/26 Topps Bundesliga International Stars Soccer Hobby Box ;0,00;104,00;0,00;taass;EUR;2025/2026;Topps;Inne;Hobby;Bundesliga;442,00
 2025/26 Topps Premier League Soccer EPL Retail Box ;0,00;105,00;0,00;taass;EUR;2025/2026;Topps;Inne;Mega;EPL;446,25
 2024/25 Panini Prizm Premier League Soccer EPL Retail Box ;0,00;109,00;0,00;taass;EUR;2024/2025;Panini;Prizm;Mega;EPL;463,25
 2022/23 Panini Select FIFA Soccer Blaster Box ;0,00;109,00;0,00;taass;EUR;2022/2023;Panini;Select;Blaster;FIFA;463,25
2024-25 Topps Juventus Team Set;;499,00;;bigcards;PLN;2024/2025;Topps;Team;Team Set;Juventus;499,00
Topps Bundesliga International Stars 2025-26 Hobby Box View now;0,00;503,10;0,00;sportscardsdirect;PLN;2025/2026;Topps;Inne;Hobby;Bundesliga;503,10
Topps Blue Moon Manchester City 2024/25 Hobby Box View now;0,00;503,10;0,00;sportscardsdirect;PLN;2024/2025;Topps;Inne;Hobby;Manchester City;503,10
 2022/23 Topps Finest Flashbacks UEFA Club Competitions Soccer Hobby Box ;0,00;119,00;0,00;taass;EUR;2022/2023;Topps;Finest;Hobby;UEFA;505,75
 2022/23 Topps Chrome UEFA Club Competitions Soccer Lite Box ;0,00;119,00;0,00;taass;EUR;2022/2023;Topps;Club;Inne;UEFA;505,75
 2022/23 Panini Donruss Soccer (Fußball) Fat-Pack Box ;0,00;119,00;0,00;taass;EUR;2022/2023;Panini;Donruss;Inne;Donruss;505,75
 2021/22 Topps UEFA Champions League Soccer Hobby Box ;0,00;119,00;0,00;taass;EUR;2021/2022;Topps;Inne;Hobby;UEFA;505,75
2021/22 Topps UEFA Champions League Finest Flashbacks Soccer Hobby;0,00;120,00;0,00;dacardworld;EUR;2021/2022;Topps;Finest;Hobby;UEFA;510,00
2025/26 Topps Bundesliga International Stars Hobby Box;0,00;120,00;0,00;dacardworld;EUR;2025/2026;Topps;Inne;Hobby;Bundesliga;510,00
2023 Topps Chrome MLS Major League Soccer Hobby;0,00;120,00;7,00;dacardworld;EUR;2023;Topps;Chrome;Hobby;MLS;510,00
2025-26 Topps Soccer Bundesliga International Stars;0,00;520,00;0,00;qscards;PLN;2025/2026;Topps;Inne;Inne;Bundesliga;520,00
2024-25 Topps Soccer Juventus Team Set;0,00;520,00;0,00;qscards;PLN;2024/2025;Topps;Team;Team Set;Juventus;520,00
2024-25 Topps Chrome Bundesliga Soccer Hobby Box;0,00;124,99;0,00;yocardo;EUR;2024/2025;Topps;Chrome;Hobby;Bundesliga;531,21
 2022/23 Panini Prizm Premier League Soccer EPL Asia Tmall Box ;0,00;125,00;0,00;taass;EUR;2022/2023;Panini;Prizm;Inne;EPL;531,25
2025/26 Topps BVB Dortmund Focus Soccer Hobby;0,00;125,00;0,00;dacardworld;EUR;2025/2026;Topps;Focus;Hobby;Borussia Dortmund;531,25
Panini Premier League 2022/23 Donruss Elite Fat Pack Box View now;0,00;534,30;0,00;sportscardsdirect;PLN;2022/2023;Panini;Donruss;Fat Pack;EPL;534,30
 2023/24 Topps Merlin Chrome UEFA Club Competitions Soccer (Fussball) Blaster Box ;0,00;129,00;0,00;taass;EUR;2023/2024;Topps;Club;Blaster;UEFA;548,25
 2022/23 Panini Chronicles Soccer Tmall Asia Box ;0,00;129,00;0,00;taass;EUR;2022/2023;Panini;Inne;Inne;inne;548,25
2025-26 Topps Soccer Bundesliga International Stars Hobby box;;549,00;;bigcards;PLN;2025/2026;Topps;Inne;Hobby;Bundesliga;549,00
2024-25 Panini Prizm Premier League Choice Box (SEALED);0,00;129,99;0,00;pushdich;EUR;2024/2025;Panini;Prizm;Inne;EPL;552,46
2025-26 Topps Focus Liverpool FC Hobby Box (SEALED);0,00;129,99;0,00;pushdich;EUR;2025/2026;Topps;Focus;Hobby;Liverpool;552,46
2023/24 Panini Select FIFA Soccer 6-Pack Blaster;0,00;130,00;0,00;dacardworld;EUR;2023/2024;Panini;Select;Blaster;FIFA;552,50
Topps Focus Liverpool FC 2025/26 – Hobby Box;0,00;130,00;0,00;sportcardscenter;EUR;2025/2026;Topps;Focus;Hobby;Liverpool;552,50
2025-26 Topps Focus Liverpool;;569,00;;bigcards;PLN;2025/2026;Topps;Focus;Inne;Liverpool;569,00
2020/21 Panini Mosaic UEFA Euro 2020 Soccer Hobby Box;0,00;134,37;0,00;underpaidcollectibles;EUR;2020/2021;Panini;Mosaic;Hobby;UEFA;571,07
2025-26 Topps Liverpool Focus Hobby Box;0,00;134,99;0,00;yocardo;EUR;2025/2026;Topps;Focus;Hobby;Liverpool;573,71
 2022/23 Panini Score FIFA Soccer Retail Box ;0,00;135,00;0,00;taass;EUR;2022/2023;Panini;Score;Mega;inne;573,75
2024/25 Panini Prizm Premier League EPL Soccer Choice Box;2 570,00;135,00;0,00;dacardworld;EUR;2024/2025;Panini;Prizm;Inne;EPL;573,75
 2022/23 Panini Select Premier League Soccer Asia Tmall Box ;0,00;139,00;0,00;taass;EUR;2022/2023;Panini;Select;Inne;EPL;590,75
 2021/22 Panini Revolution Soccer Tmall Asia Box ;0,00;139,00;0,00;taass;EUR;2021/2022;Panini;Inne;Inne;inne;590,75
 2021/22 Topps UEFA Champions League Chrome Soccer LITE Box ;0,00;139,00;0,00;taass;EUR;2021/2022;Topps;Chrome;Inne;UEFA;590,75
 2021/22 Panini Prizm Premier League EPL Soccer Breakaway Box ;0,00;139,00;0,00;taass;EUR;2021/2022;Panini;Prizm;Inne;EPL;590,75
2025-26 Topps Bundesliga International Stars;0,00;139,99;0,00;yocardo;EUR;2025/2026;Topps;Inne;Inne;Bundesliga;594,96
Topps Chrome - Bundesliga Hobbybox 2021-22;0,00;139,99;0,00;austriantradingcards;EUR;2021/2022;Topps;Chrome;Hobby;Bundesliga;594,96
2024/25 Panini Prizm Premier League EPL Soccer International Hobby;0,00;140,00;13,00;dacardworld;EUR;2024/2025;Panini;Prizm;Hobby;EPL;595,00
 2021/22 Topps UEFA Champions League Finest Flashbacks Soccer Hobby Box ;0,00;145,00;0,00;taass;EUR;2021/2022;Topps;Finest;Hobby;UEFA;616,25
 2022/23 Panini Donruss Elite FIFA Soccer Retail Box ;0,00;145,00;0,00;taass;EUR;2022/2023;Panini;Donruss;Mega;Donruss;616,25
2023/24 Panini Prizm Premier League EPL Soccer Choice;0,00;145,00;0,00;dacardworld;EUR;2023/2024;Panini;Prizm;Inne;EPL;616,25
 2022/23 Panini Select Serie A Soccer Asia Tmall Box ;0,00;149,00;0,00;taass;EUR;2022/2023;Panini;Select;Inne;Serie A;633,25
 2022/23 Panini Prizm Premier League Soccer EPL Choice Box ;0,00;149,00;0,00;taass;EUR;2022/2023;Panini;Prizm;Inne;EPL;633,25
Topps - UEFA CL Chrome Lite 2021-22;0,00;149,99;0,00;austriantradingcards;EUR;2021/2022;Topps;Chrome;Inne;UEFA;637,46
 (LIVE BREAK) 2025/26 Topps Focus Liverpool FC Hobby Box ;0,00;159,00;0,00;taass;EUR;2025/2026;Topps;Focus;Hobby;Liverpool;675,75
 2020/21 Panini Mosaic UEFA Euro 2020 Soccer Hobby Box ;0,00;159,00;0,00;taass;EUR;2020/2021;Panini;Mosaic;Hobby;UEFA;675,75
2025-26 Topps UEFA Club Competitions Flagship - Hobby Box;0,00;697,00;0,00;shaks;PLN;2025/2026;Topps;Club;Hobby;UEFA;697,00
2020/21 Panini Mosaic UEFA Euro 2020 Soccer Hobby Box;0,00;698,00;0,00;dutchbreakers;PLN;2020/2021;Panini;Mosaic;Hobby;UEFA;698,00
2025-26 Topps UEFA Club Competitions Hobby Box;;699,00;;bigcards;PLN;2025/2026;Topps;Club;Hobby;UEFA;699,00
 2024/25 Panini Prizm Premier League Soccer EPL Choice Box ;0,00;165,00;0,00;taass;EUR;2024/2025;Panini;Prizm;Inne;EPL;701,25
2024/25 Topps Manchester City Blue Moon Soccer Hobby;0,00;165,00;20,00;dacardworld;EUR;2024/2025;Topps;Inne;Hobby;Manchester City;701,25
2026 Topps Liverpool Focus Soccer Hobby;0,00;170,00;0,00;dacardworld;EUR;2026;Topps;Focus;Hobby;Liverpool;722,50
2025-26 Topps Flagship UEFA Club Competitions Soccer Hobby Box;0,00;170,55;0,00;underpaidcollectibles;EUR;2025/2026;Topps;Club;Hobby;UEFA;724,84
 2023/24 Panini Select FIFA Soccer Blaster Box ;0,00;179,00;0,00;taass;EUR;2023/2024;Panini;Select;Blaster;FIFA;760,75
 2023/24 Panini Prizm Premier League Soccer EPL Choice Box ;0,00;179,00;0,00;taass;EUR;2023/2024;Panini;Prizm;Inne;EPL;760,75
 2022/23 Panini Select FIFA Soccer Asia Tmall Box ;0,00;179,00;0,00;taass;EUR;2022/2023;Panini;Select;Inne;FIFA;760,75
 2022/23 Panini Chronicles Soccer Multi-Pack Box ;0,00;179,00;0,00;taass;EUR;2022/2023;Panini;Inne;Inne;inne;760,75
2022-23 Panini Select Serie A Soccer T-Mall Hobby Box;0,00;764,00;0,00;dutchbreakers;PLN;2022/2023;Panini;Select;Hobby;Serie A;764,00
2024-25 Panini Prizm Premier League International Hobby Box;0,00;179,99;0,00;yocardo;EUR;2024/2025;Panini;Prizm;Hobby;EPL;764,97
2024-25 Topps Paris Saint-Germain: Champions d’Europe 2025 Hobby Box;0,00;179,99;0,00;yocardo;EUR;2024/2025;Topps;Inne;Hobby;PSG;764,97
2026 Topps Premier League EPL Soccer Super Tin;0,00;180,00;0,00;dacardworld;EUR;2026;Topps;Inne;Tin;EPL;765,00
2020/21 Topps Chrome Bundesliga Sapphire Edition Soccer Hobby;0,00;185,00;0,00;dacardworld;EUR;2020/2021;Topps;Sapphire;Hobby;Bundesliga;786,25
2024-25 Panini Select Soccer EPL Premier League Hobby Box International;;789,00;;bigcards;PLN;2024/2025;Panini;Select;Hobby;EPL;789,00
 2021/22 Panini Chronicles Soccer Multi Cello 12-Pack Box ;0,00;189,00;0,00;taass;EUR;2021/2022;Panini;Inne;Inne;inne;803,25
2025-26 Topps Uefa Club Competitions UCC Hobby Box;0,00;189,99;0,00;yocardo;EUR;2025/2026;Topps;Club;Hobby;UEFA;807,47
 2024/25 Topps Chrome Bundesliga Soccer Hobby Box ;0,00;190,00;0,00;taass;EUR;2024/2025;Topps;Chrome;Hobby;Bundesliga;807,50
 2021/22 Topps Tier One Bundesliga Soccer (Fussball) Hobby Box ;0,00;190,00;0,00;taass;EUR;2021/2022;Topps;Inne;Hobby;Bundesliga;807,50
2024/25 Panini Prizm Premier League Soccer EPL International Hobby Box;0,00;825,00;0,00;dutchbreakers;PLN;2024/2025;Panini;Prizm;Hobby;EPL;825,00
2024-25 Panini Prizm Premier League EPL Soccer Choice Box;0,00;829,00;0,00;dutchbreakers;PLN;2024/2025;Panini;Prizm;Inne;EPL;829,00
 (Live Break) 2025 Topps Decades 1990's Premier League (Fußball) Hobby Box ;0,00;199,00;0,00;taass;EUR;2025;Topps;Inne;Hobby;EPL;845,75
 2024/25 Panini Prizm Premier League Soccer EPL International Hobby Box ;0,00;199,00;0,00;taass;EUR;2024/2025;Panini;Prizm;Hobby;EPL;845,75
 2021/22 Panini Mosaic Premier League EPL Soccer Hobby Box ;0,00;199,00;0,00;taass;EUR;2021/2022;Panini;Mosaic;Hobby;EPL;845,75
2025 Topps Decades Premier League 90’s Edition;0,00;199,99;0,00;yocardo;EUR;2025;Topps;Inne;Inne;EPL;849,97
2020-21 Topps Chrome Bundesliga Soccer Sapphire;0,00;868,00;0,00;dutchbreakers;PLN;2020/2021;Topps;Sapphire;Inne;Bundesliga;868,00
2024/25 Panini Select La Liga Soccer International Hobby;0,00;868,00;0,00;dutchbreakers;PLN;2024/2025;Panini;Select;Hobby;LaLiga;868,00
 2024 Topps Chrome MLS Soccer Hobby Box ;0,00;209,00;0,00;taass;EUR;2024;Topps;Chrome;Hobby;MLS;888,25
 2023/24 Topps Chrome Liverpool FC Hobby Box ;0,00;215,00;0,00;taass;EUR;2023/2024;Topps;Chrome;Hobby;Liverpool;913,75
2025-26 Topps Premier League Decades 90’s Edition Box;0,00;215,00;0,00;supercollectors;EUR;2025/2026;Topps;Inne;Inne;EPL;913,75
2024-25 Panini La Liga Select Hobby International Box;;919,00;;bigcards;PLN;2024/2025;Panini;Select;Hobby;LaLiga;919,00
 2024/25 Topps Manchester City Blue Moon Hobby Box ;0,00;220,00;0,00;taass;EUR;2024/2025;Topps;Inne;Hobby;Manchester City;935,00
2024/25 Topps UEFA Club Competitions Soccer Hobby;0,00;220,00;0,00;dacardworld;EUR;2024/2025;Topps;Club;Hobby;UEFA;935,00
2024/25 Panini Prizm Premier League EPL Soccer Hobby;0,00;220,00;20,00;dacardworld;EUR;2024/2025;Panini;Prizm;Hobby;EPL;935,00
2025 Topps Decades Premier League – 90’s Edition;;949,00;;bigcards;PLN;2025;Topps;Inne;Inne;EPL;949,00
 2022/23 Topps UEFA Club Competitions Soccer Flagship Hobby Box ;0,00;229,00;0,00;taass;EUR;2022/2023;Topps;Club;Hobby;UEFA;973,25
 2019/20 Panini Chronicles Soccer (Fußball) Tmall Box ;0,00;229,00;0,00;taass;EUR;2019/2020;Panini;Inne;Inne;inne;973,25
2024/25 Topps Chrome UEFA Club Competitions Soccer Hobby;2 785,00;235,00;14,00;dacardworld;EUR;2024/2025;Topps;Club;Hobby;UEFA;998,75
Topps Chrome MLS 2025 Hobby Box View now;0,00;1 006,20;0,00;sportscardsdirect;PLN;2025;Topps;Chrome;Hobby;MLS;1 006,20
 2021/22 Panini Prizm Premier League EPL Soccer Choice Hobby Box ;0,00;239,00;0,00;taass;EUR;2021/2022;Panini;Prizm;Hobby;EPL;1 015,75
2025-26 Topps Gold Premier League Hobby box;;1 049,00;;bigcards;PLN;2025/2026;Topps;Gold;Hobby;EPL;1 049,00
 2021/22 Panini Mosaic Serie A Soccer Hobby Box ;0,00;249,00;0,00;taass;EUR;2021/2022;Panini;Mosaic;Hobby;Serie A;1 058,25
Topps Chrome - Premier League 25/26 Hobby Box;0,00;249,99;0,00;austriantradingcards;EUR;2025/2026;Topps;Chrome;Hobby;EPL;1 062,46
2024-25 Topps Chrome UCC Hobby Box;0,00;249,99;0,00;yocardo;EUR;2024/2025;Topps;Chrome;Hobby;UCC;1 062,47
2020-21 Topps Bundesliga Chrome Box;0,00;249,99;0,00;yocardo;EUR;2020/2021;Topps;Chrome;Inne;Bundesliga;1 062,47
2025-26 Topps Gold Premier League Hobby Box;0,00;249,99;0,00;yocardo;EUR;2025/2026;Topps;Gold;Hobby;EPL;1 062,47
2024-25 Panini Soccer (Fußball) Donruss International Hobby Box;0,00;253,13;0,00;underpaidcollectibles;EUR;2024/2025;Panini;Donruss;Hobby;Donruss;1 075,80
 2021/22 Topps UEFA Champions League Merlin Heritage 97 Soccer Hobby Box ;0,00;255,00;0,00;taass;EUR;2021/2022;Topps;Merlin;Hobby;UEFA;1 083,75
2020-21 Topps UEFA Champions League Chrome Steve Aoki X Neon Futures Soccer Hobby Box;0,00;1 087,00;0,00;dutchbreakers;PLN;2020/2021;Topps;Chrome;Hobby;UEFA;1 087,00
Topps - Merlin UEFA - 2024/25 UCC Hobby - Box;0,00;259,90;0,00;mirabilia;EUR;2024/2025;Topps;Merlin;Hobby;UEFA;1 104,57
2024-25 Panini Prizm English Premier League Soccer Hobby Box;0,00;259,99;0,00;yocardo;EUR;2024/2025;Panini;Prizm;Hobby;EPL;1 104,97
2024/25 Topps Chrome Merlin UEFA Club Competitions Soccer Hobby;0,00;260,00;0,00;dacardworld;EUR;2024/2025;Topps;Club;Hobby;UEFA;1 105,00
 2024/25 Topps Midnight Bundesliga Soccer (Fussball) Hobby Box ;0,00;265,00;0,00;taass;EUR;2024/2025;Topps;Inne;Hobby;Bundesliga;1 126,25
2023/24 Panini Score FIFA Soccer Retail 20-Pack Box;0,00;265,00;0,00;dacardworld;EUR;2023/2024;Panini;Score;Mega;inne;1 126,25
2024-25 Topps Merlin UCC - Hobby Box;0,00;1 133,00;0,00;shaks;PLN;2024/2025;Topps;Merlin;Hobby;UCC;1 133,00
 2021/22 Panini Mosaic La Liga Espańa Soccer Hobby Box ;0,00;269,00;0,00;taass;EUR;2021/2022;Panini;Mosaic;Hobby;LaLiga;1 143,25
2024/25 Topps Gold UEFA Club Competitions Soccer Hobby Box;0,00;270,00;0,00;dacardworld;EUR;2024/2025;Topps;Gold;Hobby;UEFA;1 147,50
2024-25 Topps Chrome Merlin UEFA Club Competitions Soccer Hobby Box;0,00;273,91;0,00;underpaidcollectibles;EUR;2024/2025;Topps;Club;Hobby;UEFA;1 164,12
2024/25 Panini FC Barcelona Tribute 125th Anniversary Soccer Hobby;4 290,00;275,00;0,00;dacardworld;EUR;2024/2025;Panini;Inne;Hobby;Barcelona;1 168,75
2025/26 Panini Andres Iniesta Tribute Soccer Hobby Box;0,00;275,00;0,00;dacardworld;EUR;2025/2026;Panini;Inne;Hobby;inne;1 168,75
2024-25 Topps Merlin UCC - Hobby Box;0,00;1 200,00;0,00;dutchbreakers;PLN;2024/2025;Topps;Merlin;Hobby;UCC;1 200,00
2025/26 Topps Gold Premier League EPL Soccer Hobby;0,00;285,00;0,00;dacardworld;EUR;2025/2026;Topps;Gold;Hobby;EPL;1 211,25
2025/26 Topps UEFA Club Competitions Soccer Hobby Box ;0,00;289,00;0,00;taass;EUR;2025/2026;Topps;Club;Hobby;UEFA;1 228,25
2026 Topps Chrome Premier League EPL Soccer Hobby Box;0,00;289,41;0,00;underpaidcollectibles;EUR;2026;Topps;Chrome;Hobby;EPL;1 229,99
2025/26 Topps Chrome Premier League Soccer EPL Hobby Box ;0,00;299,00;0,00;taass;EUR;2025/2026;Topps;Chrome;Hobby;EPL;1 270,75
 2024/25 Panini Prizm Premier League Soccer EPL Hobby Box ;0,00;299,00;0,00;taass;EUR;2024/2025;Panini;Prizm;Hobby;EPL;1 270,75
 2023/24 Panini Select Serie A Soccer International Hobby Box ;0,00;299,00;0,00;taass;EUR;2023/2024;Panini;Select;Hobby;Serie A;1 270,75
 2023/24 Topps Arsenal London Forever Hobby Box ;0,00;299,00;0,00;taass;EUR;2023/2024;Topps;Inne;Hobby;Arsenal;1 270,75
 2022/23 Panini Prizm Premier League Soccer EPL Hobby Box ;0,00;299,00;0,00;taass;EUR;2022/2023;Panini;Prizm;Hobby;EPL;1 270,75
Panini – Tributo Andrés Iniesta;0,00;299,99;0,00;supercollectors;EUR;brak danych;Panini;Inne;Inne;inne;1 274,96
2021-2022 Topps Uefa Champions League First 1st Edition Sealed Box;0,00;299,99;0,00;yocardo;EUR;2021/2022;Topps;Inne;Inne;UEFA;1 274,97
2024/25 Topps Deco UEFA Club Competitions Soccer Hobby Box;0,00;300,00;0,00;dacardworld;EUR;2024/2025;Topps;Deco;Hobby;UEFA;1 275,00
Panini Andrés Iniesta Tribute Set – Box Tributo;0,00;300,00;0,00;sportcardscenter;EUR;brak danych;Panini;Inne;Inne;inne;1 275,00
Topps Decades Premier League 2025 – 90’s Edition View now;0,00;1 383,20;0,00;sportscardsdirect;PLN;2025;Topps;Inne;Inne;EPL;1 383,20
2025-26 Topps Deco UCC Hobby box;;1 399,00;;bigcards;PLN;2025/2026;Topps;Deco;Hobby;UCC;1 399,00
 2024/25 Panini Donruss Soccer (Fußball) International Hobby Box ;0,00;330,00;0,00;taass;EUR;2024/2025;Panini;Donruss;Hobby;Donruss;1 402,50
 2020/21 Topps Chrome Bundesliga Soccer (Fussball) Hobby Box ;0,00;330,00;0,00;taass;EUR;2020/2021;Topps;Chrome;Hobby;Bundesliga;1 402,50
2024/25 Topps Simplicidad UEFA Club Competitions Soccer Hobby Box;0,00;335,00;0,00;dacardworld;EUR;2024/2025;Topps;Club;Hobby;UEFA;1 423,75
 2024/25 Panini Select Serie A Soccer Hobby Box ;0,00;349,00;0,00;taass;EUR;2024/2025;Panini;Select;Hobby;Serie A;1 483,25
 2021/22 Topps Finest UEFA Champions League Soccer Hobby Box ;0,00;349,00;0,00;taass;EUR;2021/2022;Topps;Finest;Hobby;UEFA;1 483,25
 2021/22 Panini Prizm Premier League EPL Soccer Hobby Box ;0,00;349,00;0,00;taass;EUR;2021/2022;Panini;Prizm;Hobby;EPL;1 483,25
2024/25 Panini Select Premier League EPL Soccer Hobby;;1 499,00;;bigcards;PLN;2024/2025;Panini;Select;Hobby;EPL;1 499,00
2026 Topps Chrome Premier League - Hobby Box;0,00;1 523,00;0,00;dutchbreakers;PLN;2026;Topps;Chrome;Hobby;EPL;1 523,00
2026 Topps Soccer Premier League Hobby Box;0,00;1 523,00;0,00;qscards;PLN;2026;Topps;Inne;Hobby;EPL;1 523,00
 2023/24 Panini Select Premier League Soccer Hobby Box ;0,00;359,00;0,00;taass;EUR;2023/2024;Panini;Select;Hobby;EPL;1 525,75
 2022/23 Topps Chrome UEFA Club Competitions Soccer Hobby Box ;0,00;359,00;0,00;taass;EUR;2022/2023;Topps;Club;Hobby;UEFA;1 525,75
2021-22 Panini Mosaic Road To Fifa World Cup Soccer Hobby Box;;1 549,00;;bigcards;PLN;2021/2022;Panini;Mosaic;Hobby;World Cup;1 549,00
 2022/23 Panini Chronicles Soccer Hobby Box ;0,00;365,00;0,00;taass;EUR;2022/2023;Panini;Inne;Hobby;inne;1 551,25
2023-24 Topps Pristine Road to EURO 2024;0,00;369,99;0,00;yocardo;EUR;2023/2024;Topps;Inne;Inne;inne;1 572,47
2025–26 Topps Chrome Premier League Hobby Box;0,00;369,99;0,00;yocardo;EUR;2025;Topps;Chrome;Hobby;EPL;1 572,47
 2020/21 Topps Finest Bundesliga Soccer Hobby Box ;0,00;379,00;0,00;taass;EUR;2020/2021;Topps;Finest;Hobby;Bundesliga;1 610,75
2025 Topps Decades UCC Hobby Box;0,00;379,99;0,00;yocardo;EUR;2025;Topps;Inne;Hobby;UCC;1 614,97
2025/26 Topps Premier League EPL Soccer Hobby;4 560,00;380,00;55,00;dacardworld;EUR;2025/2026;Topps;Inne;Hobby;EPL;1 615,00
Panini Prizm World Cup Club 2025 Hobby Box;0,00;380,00;0,00;sportcardscenter;EUR;2025;Panini;Club;Hobby;inne;1 615,00
 2020/21 Topps Chrome Sapphire Bundesliga Soccer Hobby Box ;0,00;389,00;0,00;taass;EUR;2020/2021;Topps;Sapphire;Hobby;Bundesliga;1 653,25
 (Live Break) 2024/25 Topps Chrome Merlin UEFA Club Competitions Soccer Breaker Delight Box ;0,00;390,00;0,00;taass;EUR;2024/2025;Topps;Club;Inne;UEFA;1 657,50
2024-25 Panini Select FIFA International Hobby Box;;1 679,00;;bigcards;PLN;2024/2025;Panini;Select;Hobby;FIFA;1 679,00
2024-25 Topps Inception UCC Hobby box;;1 689,00;;bigcards;PLN;2024/2025;Topps;Inception;Hobby;UCC;1 689,00
2024/25 Topps Chrome Merlin UEFA Club Competitions Soccer Hobby Box ;0,00;399,00;0,00;taass;EUR;2024/2025;Topps;Club;Hobby;UEFA;1 695,75
 2022/23 Topps Merlin Chrome UEFA Club Competitions Soccer Hobby Box ;0,00;399,00;0,00;taass;EUR;2022/2023;Topps;Club;Hobby;UEFA;1 695,75
 2022/23 Panini Select Premier League Soccer Hobby Box ;0,00;399,00;0,00;taass;EUR;2022/2023;Panini;Select;Hobby;EPL;1 695,75
 2021/22 Topps UEFA Champions League Stadium Club Chrome Soccer Hobby Box ;0,00;399,00;0,00;taass;EUR;2021/2022;Topps;Club;Hobby;UEFA;1 695,75
 2021/22 Topps UEFA Champions League Merlin Chrome Soccer Hobby Box ;0,00;399,00;0,00;taass;EUR;2021/2022;Topps;Merlin;Hobby;UEFA;1 695,75
 2021/22 Panini Obsidian Soccer (Fußball) Asia Tmall Box ;0,00;399,00;0,00;taass;EUR;2021/2022;Panini;Inne;Inne;inne;1 695,75
2024-25 Topps Finest UCC Hobby Box;0,00;399,99;0,00;yocardo;EUR;2024/2025;Topps;Finest;Hobby;UCC;1 699,97
2024-25 Topps Museum UCC Hobby Box;;1 709,00;;bigcards;PLN;2024/2025;Topps;Museum;Hobby;UCC;1 709,00
 2024/25 Topps UEFA Club Competitions GOLD Soccer Hobby Box ;0,00;409,00;0,00;taass;EUR;2024/2025;Topps;Gold;Hobby;UEFA;1 738,25
2020/21 Panini Chronicles Soccer Hobby Box;0,00;1 741,00;0,00;dutchbreakers;PLN;2020/2021;Panini;Inne;Hobby;inne;1 741,00
2024/25 Topps Chelsea Lineage 120 Years Anniversary Soccer Hobby;2 465,00;410,00;0,00;dacardworld;EUR;2024/2025;Topps;Lineage;Hobby;Chelsea;1 742,50
2024/25 Panini Select FIFA Soccer International Hobby;4 290,00;410,00;38,00;dacardworld;EUR;2024/2025;Panini;Select;Hobby;FIFA;1 742,50
2025 Panini Prizm FIFA Club World Cup Soccer Hobby Box;0,00;410,00;38,00;dacardworld;EUR;2025;Panini;Club;Hobby;Club World Cup;1 742,50
Topps Chrome Premier League 2026 Hobby Box View now;0,00;1 758,90;0,00;sportscardsdirect;PLN;2026;Topps;Chrome;Hobby;EPL;1 758,90
2024/25 Panini Donruss Soccer Hobby;0,00;415,00;39,00;dacardworld;EUR;2024/2025;Panini;Donruss;Hobby;Donruss;1 763,75
 2023/24 Panini Select Serie A Soccer Hobby Box ;0,00;419,00;0,00;taass;EUR;2023/2024;Panini;Select;Hobby;Serie A;1 780,75
 2020/21 Topps Tier One Bundesliga Soccer Hobby Box ;0,00;419,00;0,00;taass;EUR;2020/2021;Topps;Inne;Hobby;Bundesliga;1 780,75
2026 Topps Chrome Premier League EPL Soccer Logofractor Edition;0,00;425,00;0,00;dacardworld;EUR;2026;Topps;Chrome;Inne;EPL;1 806,25
 2024/25 Panini Select FIFA Soccer (Fußball) International Hobby Box ;0,00;449,00;0,00;taass;EUR;2024/2025;Panini;Select;Hobby;FIFA;1 908,25
 2021/22 Panini Chronicles Soccer Hobby Box ;0,00;449,00;0,00;taass;EUR;2021/2022;Panini;Inne;Hobby;inne;1 908,25
 2021/22 Panini Donruss Soccer Road to Qatar Hobby Box ;0,00;449,00;0,00;taass;EUR;2021/2022;Panini;Donruss;Hobby;Donruss;1 908,25
 2016/17 Panini Donruss Soccer Hobby Box ;0,00;449,00;0,00;taass;EUR;2016/2017;Panini;Donruss;Hobby;Donruss;1 908,25
2025-26 Topps FC Barcelona Forever – Hobby Box;0,00;449,00;0,00;supercollectors;EUR;2025/2026;Topps;Inne;Hobby;Barcelona;1 908,25
2026 Topps Chrome Premier League EPL Soccer Hobby;5 275,00;450,00;25,00;dacardworld;EUR;2026;Topps;Chrome;Hobby;EPL;1 912,50
 2025/26 Topps Deco UEFA Club Competitions Soccer Hobby Box ;0,00;459,00;0,00;taass;EUR;2025/2026;Topps;Deco;Hobby;UEFA;1 950,75
 (Live Break) 2025/26 Topps Forever FC Barcelona Hobby Box ;0,00;470,00;0,00;taass;EUR;2025/2026;Topps;Inne;Hobby;Barcelona;1 997,50
